hora_local,alt_sol_deg,az_sol_deg,x_east_m,y_north_m,lon,lat,dist_plaza_m,rumbo_deg
05:59:00,2.028106,66.644345,-12017.502563,-5337.910865,-74.184535,4.550055,13149.663884,246.050258
05:59:30,2.142480,66.652564,-11253.719296,-5005.788251,-74.177644,4.553042,12316.822399,246.019933
06:00:00,2.256862,66.660686,-10567.266876,-4707.318701,-74.171451,4.555726,11568.317881,245.988832
06:00:30,2.371251,66.668709,-9946.961297,-4437.635126,-74.165854,4.558151,10891.953202,245.956929
06:01:00,2.485646,66.676635,-9383.676017,-4192.765811,-74.160772,4.560354,10277.775087,245.924199
06:01:30,2.600048,66.684462,-8869.889641,-3969.437572,-74.156136,4.562362,9717.580814,245.890612
06:02:00,2.714457,66.692192,-8399.347895,-3764.928657,-74.151891,4.564201,9204.549573,245.856141
06:02:30,2.828872,66.699823,-7966.807572,-3576.957311,-74.147989,4.565892,8732.963214,245.820753
06:03:00,2.943295,66.707357,-7567.840158,-3403.596322,-74.144389,4.567451,8297.992081,245.784418
06:03:30,3.057723,66.714793,-7198.679516,-3243.206729,-74.141058,4.568893,7895.528903,245.747102
06:04:00,3.172158,66.722131,-6856.102505,-3094.385879,-74.137967,4.570232,7522.058596,245.708769
06:04:30,3.286599,66.729371,-6537.334528,-2955.926313,-74.135091,4.571477,7174.555255,245.669383
06:05:00,3.401046,66.736513,-6239.974128,-2826.782960,-74.132409,4.572638,6850.399916,245.628905
06:05:30,3.515500,66.743558,-5961.932299,-2706.046720,-74.129900,4.573724,6547.314380,245.587294
06:06:00,3.629959,66.750505,-5701.383277,-2592.923051,-74.127549,4.574741,6263.307530,245.544509
06:06:30,3.744424,66.757354,-5456.724334,-2486.714476,-74.125342,4.575696,5996.631499,245.500505
06:07:00,3.858896,66.764105,-5226.542735,-2386.806195,-74.123265,4.576595,5745.745624,245.455234
06:07:30,3.973373,66.770759,-5009.588393,-2292.654193,-74.121308,4.577442,5509.286625,245.408647
06:08:00,4.087855,66.777314,-4804.751117,-2203.775335,-74.119460,4.578241,5286.043797,245.360692
06:08:30,4.202343,66.783772,-4611.041577,-2119.739080,-74.117712,4.578997,5074.938245,245.311314
06:09:00,4.316837,66.790133,-4427.575288,-2040.160518,-74.116057,4.579712,4875.005423,245.260456
06:09:30,4.431336,66.796395,-4253.559086,-1964.694477,-74.114487,4.580391,4685.380378,245.208056
06:10:00,4.545841,66.802560,-4088.279634,-1893.030526,-74.112995,4.581036,4505.285223,245.154051
06:10:30,4.660351,66.808628,-3931.093627,-1824.888709,-74.111577,4.581648,4334.018448,245.098372
06:11:00,4.774865,66.814597,-3781.419406,-1760.015900,-74.110227,4.582232,4170.945779,245.040947
06:11:30,4.889385,66.820469,-3638.729742,-1698.182657,-74.108940,4.582788,4015.492307,244.981700
06:12:00,5.003910,66.826243,-3502.545618,-1639.180522,-74.107711,4.583318,3867.135709,244.920551
06:12:30,5.118440,66.831919,-3372.430843,-1582.819672,-74.106537,4.583825,3725.400368,244.857415
06:13:00,5.232975,66.837498,-3247.987365,-1528.926882,-74.105414,4.584310,3589.852272,244.792201
06:13:30,5.347514,66.842979,-3128.851197,-1477.343753,-74.104339,4.584774,3460.094562,244.724813
06:14:00,5.462058,66.848362,-3014.688847,-1427.925153,-74.103309,4.585218,3335.763644,244.655149
06:14:30,5.576607,66.853647,-2905.194189,-1380.537864,-74.102321,4.585645,3216.525777,244.583101
06:15:00,5.691160,66.858834,-2800.085715,-1335.059378,-74.101373,4.586054,3102.074073,244.508552
06:15:30,5.805718,66.863924,-2699.104107,-1291.376845,-74.100462,4.586446,2992.125856,244.431381
06:16:00,5.920280,66.868915,-2602.010093,-1249.386139,-74.099586,4.586824,2886.420317,244.351455
06:16:30,6.034846,66.873809,-2508.582548,-1208.991031,-74.098743,4.587187,2784.716451,244.268635
06:17:00,6.149416,66.878605,-2418.616804,-1170.102452,-74.097931,4.587537,2686.791207,244.182770
06:17:30,6.263990,66.883303,-2331.923148,-1132.637845,-74.097149,4.587874,2592.437859,244.093702
06:18:00,6.378568,66.887903,-2248.325481,-1096.520573,-74.096395,4.588199,2501.464538,244.001256
06:18:30,6.493151,66.892405,-2167.660117,-1061.679405,-74.095667,4.588512,2413.692926,243.905251
06:19:00,6.607737,66.896809,-2089.774708,-1028.048042,-74.094964,4.588815,2328.957086,243.805487
06:19:30,6.722326,66.901115,-2014.527282,-995.564701,-74.094286,4.589107,2247.102411,243.701753
06:20:00,6.836920,66.905323,-1941.785371,-964.171733,-74.093629,4.589389,2167.984676,243.593819
06:20:30,6.951517,66.909432,-1871.425229,-933.815289,-74.092994,4.589662,2091.469192,243.481439
06:21:00,7.066117,66.913444,-1803.331129,-904.445006,-74.092380,4.589926,2017.430031,243.364345
06:21:30,7.180721,66.917357,-1737.394721,-876.013732,-74.091785,4.590182,1945.749335,243.242251
06:22:00,7.295328,66.921172,-1673.514453,-848.477275,-74.091209,4.590429,1876.316687,243.114843
06:22:30,7.409938,66.924889,-1611.595048,-821.794172,-74.090650,4.590669,1809.028541,242.981784
06:23:00,7.524551,66.928507,-1551.547027,-795.925484,-74.090108,4.590902,1743.787703,242.842707
06:23:30,7.639168,66.932027,-1493.286271,-770.834605,-74.089583,4.591128,1680.502863,242.697210
06:24:00,7.753787,66.935448,-1436.733629,-746.487090,-74.089073,4.591347,1619.088168,242.544858
06:24:30,7.868410,66.938771,-1381.814558,-722.850499,-74.088577,4.591559,1559.462829,242.385175
06:25:00,7.983035,66.941995,-1328.458785,-699.894253,-74.088096,4.591766,1501.550768,242.217640
06:25:30,8.097663,66.945121,-1276.600016,-677.589501,-74.087628,4.591966,1445.280295,242.041680
06:26:00,8.212293,66.948148,-1226.175649,-655.909000,-74.087173,4.592161,1390.583812,241.856669
06:26:30,8.326926,66.951076,-1177.126526,-634.827008,-74.086730,4.592351,1337.397543,241.661914
06:27:00,8.441562,66.953905,-1129.396699,-614.319176,-74.086300,4.592535,1285.661290,241.456652
06:27:30,8.556199,66.956636,-1082.933211,-594.362460,-74.085880,4.592715,1235.318207,241.240039
06:28:00,8.670840,66.959267,-1037.685904,-574.935032,-74.085472,4.592889,1186.314598,241.011137
06:28:30,8.785482,66.961800,-993.607234,-556.016202,-74.085075,4.593060,1138.599733,240.768905
06:29:00,8.900126,66.964233,-950.652103,-537.586345,-74.084687,4.593225,1092.125679,240.512179
06:29:30,9.014773,66.966567,-908.777703,-519.626834,-74.084309,4.593387,1046.847152,240.239661
06:30:00,9.129421,66.968802,-867.943374,-502.119972,-74.083941,4.593544,1002.721381,239.949890
06:30:30,9.244072,66.970938,-828.110471,-485.048945,-74.083581,4.593698,959.707992,239.641225
06:31:00,9.358724,66.972974,-789.242238,-468.397756,-74.083231,4.593848,917.768908,239.311809
06:31:30,9.473378,66.974910,-751.303698,-452.151185,-74.082888,4.593994,876.868257,238.959541
06:32:00,9.588033,66.976747,-714.261544,-436.294737,-74.082554,4.594136,836.972312,238.582025
06:32:30,9.702690,66.978485,-678.084039,-420.814603,-74.082228,4.594276,798.049431,238.176527
06:33:00,9.817348,66.980122,-642.740930,-405.697617,-74.081909,4.594411,760.070036,237.739908
06:33:30,9.932008,66.981660,-608.203357,-390.931220,-74.081597,4.594544,723.006599,237.268550
06:34:00,10.046669,66.983098,-574.443775,-376.503427,-74.081293,4.594674,686.833663,236.758261
06:34:30,10.161331,66.984435,-541.435882,-362.402791,-74.080995,4.594801,651.527895,236.204161
06:35:00,10.275995,66.985673,-509.154549,-348.618376,-74.080704,4.594925,617.068170,235.600538
06:35:30,10.390659,66.986810,-477.575751,-335.139730,-74.080419,4.595046,583.435718,234.940665
06:36:00,10.505324,66.987847,-446.676515,-321.956855,-74.080140,4.595165,550.614316,234.216576
06:36:30,10.619990,66.988783,-416.434855,-309.060183,-74.079867,4.595281,518.590576,233.418772
06:37:00,10.734657,66.989619,-386.829726,-296.440557,-74.079600,4.595394,487.354328,232.535847
06:37:30,10.849325,66.990355,-357.840970,-284.089204,-74.079339,4.595505,456.899153,231.554012
06:38:00,10.963993,66.990989,-329.449271,-271.997720,-74.079082,4.595614,427.223106,230.456464
06:38:30,11.078662,66.991523,-301.636112,-260.158048,-74.078831,4.595720,398.329705,229.222568
06:39:00,11.193331,66.991955,-274.383734,-248.562458,-74.078586,4.595825,370.229292,227.826772
06:39:30,11.308000,66.992287,-247.675096,-237.203537,-74.078345,4.595927,342.940915,226.237182
06:40:00,11.422670,66.992517,-221.493844,-226.074166,-74.078108,4.596027,316.494947,224.413667
06:40:30,11.537340,66.992646,-195.824268,-215.167511,-74.077877,4.596125,290.936766,222.305374
06:41:00,11.652010,66.992673,-170.651280,-204.477007,-74.077650,4.596221,266.331946,219.847512
06:41:30,11.766679,66.992599,-145.960377,-193.996341,-74.077427,4.596315,242.773582,216.957337
06:42:00,11.881349,66.992423,-121.737616,-183.719448,-74.077208,4.596408,220.392565,213.529562
06:42:30,11.996019,66.992146,-97.969587,-173.640491,-74.076994,4.596498,199.371663,209.432097
06:43:00,12.110688,66.991766,-74.643386,-163.753856,-74.076783,4.596587,179.963776,204.504767
06:43:30,12.225357,66.991284,-51.746593,-154.054140,-74.076577,4.596675,162.512731,198.567136
06:44:00,12.340026,66.990700,-29.267250,-144.536137,-74.076374,4.596760,147.469545,191.447094
06:44:30,12.454694,66.990013,-7.193836,-135.194836,-74.076175,4.596844,135.386096,183.045886
06:45:00,12.569361,66.989224,14.484746,-126.025407,-74.075979,4.596927,126.855079,173.443472
06:45:30,12.684028,66.988332,35.779195,-117.023195,-74.075787,4.597008,122.370663,162.999278
06:46:00,12.798694,66.987338,56.699826,-108.183713,-74.075598,4.597087,122.141664,152.340658
06:46:30,12.913359,66.986240,77.256590,-99.502630,-74.075413,4.597165,125.973624,142.173248
06:47:00,13.028023,66.985040,97.459085,-90.975770,-74.075231,4.597242,133.322406,133.029451
06:47:30,13.142686,66.983736,117.316576,-82.599101,-74.075052,4.597317,143.477491,125.148233
06:48:00,13.257348,66.982328,136.838009,-74.368731,-74.074875,4.597391,155.741288,118.523199
06:48:30,13.372008,66.980817,156.032021,-66.280903,-74.074702,4.597464,169.526250,113.015319
06:49:00,13.486668,66.979203,174.906957,-58.331984,-74.074532,4.597535,184.377504,108.443694
06:49:30,13.601326,66.977484,193.470881,-50.518467,-74.074364,4.597606,199.957739,104.634128
06:50:00,13.715982,66.975661,211.731588,-42.836960,-74.074200,4.597675,216.021459,101.437539
06:50:30,13.830637,66.973734,229.696614,-35.284183,-74.074038,4.597743,232.390852,98.733063
06:51:00,13.945290,66.971703,247.373248,-27.856967,-74.073878,4.597809,248.936808,96.425071
06:51:30,14.059941,66.969567,264.768540,-20.552242,-74.073721,4.597875,265.565010,94.438594
06:52:00,14.174591,66.967327,281.889315,-13.367040,-74.073567,4.597940,282.206066,92.714901
06:52:30,14.289239,66.964981,298.742176,-6.298488,-74.073415,4.598003,298.808565,91.207809
06:53:00,14.403884,66.962530,315.333518,0.656196,-74.073265,4.598066,315.334201,89.880770
06:53:30,14.518528,66.959975,331.669534,7.499708,-74.073118,4.598127,331.754315,88.704649
06:54:00,14.633169,66.957313,347.756222,14.234656,-74.072972,4.598188,348.047433,87.656028
06:54:30,14.747808,66.954546,363.599395,20.863570,-74.072830,4.598248,364.197486,86.715932
06:55:00,14.862444,66.951673,379.204687,27.388900,-74.072689,4.598306,380.192512,85.868859
06:55:30,14.977078,66.948695,394.577558,33.813023,-74.072550,4.598364,396.023698,85.102048
06:56:00,15.091710,66.945610,409.723302,40.138242,-74.072413,4.598421,411.684664,84.404914
06:56:30,15.206339,66.942418,424.647057,46.366790,-74.072279,4.598477,427.170929,83.768617
06:57:00,15.320965,66.939120,439.353804,52.500837,-74.072146,4.598532,442.479494,83.185719
06:57:30,15.435588,66.935715,453.848377,58.542484,-74.072015,4.598586,457.608535,82.649930
06:58:00,15.550208,66.932204,468.135467,64.493773,-74.071886,4.598640,472.557153,82.155891
06:58:30,15.664825,66.928585,482.219630,70.356686,-74.071759,4.598693,487.325184,81.699017
06:59:00,15.779440,66.924858,496.105288,76.133146,-74.071634,4.598745,501.913053,81.275359
06:59:30,15.894051,66.921024,509.796735,81.825021,-74.071510,4.598796,516.321649,80.881503
07:00:00,16.008658,66.917083,523.298144,87.434127,-74.071389,4.598846,530.552235,80.514480
07:00:30,16.123262,66.913033,536.613568,92.962226,-74.071269,4.598896,544.606368,80.171701
07:01:00,16.237863,66.908875,549.746945,98.411033,-74.071150,4.598945,558.485841,79.850894
07:01:30,16.352460,66.904608,562.702105,103.782212,-74.071033,4.598993,572.192630,79.550061
07:02:00,16.467054,66.900233,575.482769,109.077384,-74.070918,4.599041,585.728856,79.267436
07:02:30,16.581644,66.895749,588.092557,114.298121,-74.070804,4.599088,599.096751,79.001454
07:03:00,16.696229,66.891155,600.534989,119.445956,-74.070692,4.599134,612.298628,78.750723
07:03:30,16.810811,66.886453,612.813489,124.522378,-74.070581,4.599180,625.336866,78.514001
07:04:00,16.925389,66.881640,624.931389,129.528836,-74.070472,4.599225,638.213882,78.290175
07:04:30,17.039963,66.876718,636.891929,134.466740,-74.070364,4.599269,650.932126,78.078247
07:05:00,17.154532,66.871686,648.698265,139.337463,-74.070257,4.599313,663.494060,77.877320
07:05:30,17.269097,66.866544,660.353470,144.142340,-74.070152,4.599356,675.902152,77.686583
07:06:00,17.383658,66.861291,671.860533,148.882672,-74.070048,4.599399,688.158867,77.505302
07:06:30,17.498214,66.855927,683.222366,153.559727,-74.069946,4.599441,700.266658,77.332812
07:07:00,17.612766,66.850452,694.441807,158.174737,-74.069845,4.599482,712.227963,77.168509
07:07:30,17.727313,66.844866,705.521619,162.728905,-74.069745,4.599523,724.045200,77.011843
07:08:00,17.841855,66.839168,716.464493,167.223401,-74.069646,4.599564,735.720759,76.862311
07:08:30,17.956392,66.833359,727.273054,171.659368,-74.069548,4.599604,747.257006,76.719453
07:09:00,18.070924,66.827437,737.949858,176.037915,-74.069452,4.599643,758.656273,76.582848
07:09:30,18.185451,66.821403,748.497399,180.360129,-74.069357,4.599682,769.920861,76.452111
07:10:00,18.299973,66.815257,758.918106,184.627066,-74.069263,4.599720,781.053036,76.326885
07:10:30,18.414489,66.808997,769.214349,188.839756,-74.069170,4.599758,792.055029,76.206843
07:11:00,18.529000,66.802625,779.388440,192.999205,-74.069078,4.599796,802.929034,76.091683
07:11:30,18.643506,66.796139,789.442633,197.106394,-74.068987,4.599833,813.677210,75.981126
07:12:00,18.758006,66.789539,799.379128,201.162277,-74.068898,4.599869,824.301675,75.874914
07:12:30,18.872500,66.782826,809.200070,205.167790,-74.068809,4.599905,834.804513,75.772807
07:13:00,18.986989,66.775998,818.907554,209.123842,-74.068722,4.599941,845.187768,75.674583
07:13:30,19.101471,66.769056,828.503624,213.031322,-74.068635,4.599976,855.453447,75.580036
07:14:00,19.215948,66.761999,837.990276,216.891098,-74.068549,4.600011,865.603518,75.488973
07:14:30,19.330418,66.754827,847.369456,220.704018,-74.068465,4.600045,875.639914,75.401215
07:15:00,19.444883,66.747539,856.643068,224.470907,-74.068381,4.600079,885.564529,75.316596
07:15:30,19.559341,66.740136,865.812969,228.192575,-74.068298,4.600112,895.379220,75.234960
07:16:00,19.673792,66.732617,874.880973,231.869809,-74.068217,4.600145,905.085811,75.156160
07:16:30,19.788238,66.724981,883.848854,235.503381,-74.068136,4.600178,914.686087,75.080061
07:17:00,19.902676,66.717229,892.718341,239.094044,-74.068056,4.600210,924.181799,75.006534
07:17:30,20.017108,66.709360,901.491128,242.642532,-74.067977,4.600242,933.574664,74.935460
07:18:00,20.131533,66.701374,910.168868,246.149565,-74.067898,4.600274,942.866362,74.866725
07:18:30,20.245951,66.693271,918.753177,249.615845,-74.067821,4.600305,952.058544,74.800225
07:19:00,20.360362,66.685049,927.245635,253.042060,-74.067744,4.600336,961.152824,74.735859
07:19:30,20.474766,66.676710,935.647785,256.428881,-74.067668,4.600366,970.150787,74.673533
07:20:00,20.589163,66.668251,943.961139,259.776963,-74.067593,4.600396,979.053984,74.613160
07:20:30,20.703552,66.659675,952.187173,263.086950,-74.067519,4.600426,987.863936,74.554656
07:21:00,20.817935,66.650979,960.327331,266.359468,-74.067446,4.600455,996.582134,74.497943
07:21:30,20.932309,66.642163,968.383025,269.595133,-74.067373,4.600485,1005.210038,74.442946
07:22:00,21.046676,66.633228,976.355638,272.794544,-74.067301,4.600513,1013.749079,74.389594
07:22:30,21.161035,66.624172,984.246522,275.958289,-74.067230,4.600542,1022.200662,74.337822
07:23:00,21.275386,66.614997,992.056999,279.086943,-74.067159,4.600570,1030.566160,74.287567
07:23:30,21.389729,66.605700,999.788363,282.181069,-74.067090,4.600598,1038.846922,74.238768
07:24:00,21.504065,66.596282,1007.441883,285.241218,-74.067021,4.600625,1047.044268,74.191370
07:24:30,21.618392,66.586742,1015.018797,288.267928,-74.066952,4.600652,1055.159494,74.145318
07:25:00,21.732710,66.577081,1022.520321,291.261728,-74.066885,4.600679,1063.193868,74.100562
07:25:30,21.847021,66.567298,1029.947642,294.223133,-74.066818,4.600706,1071.148634,74.057053
07:26:00,21.961323,66.557392,1037.301924,297.152649,-74.066751,4.600732,1079.025013,74.014746
07:26:30,22.075616,66.547362,1044.584308,300.050773,-74.066685,4.600758,1086.824200,73.973595
07:27:00,22.189900,66.537210,1051.795909,302.917988,-74.066620,4.600784,1094.547368,73.933561
07:27:30,22.304176,66.526934,1058.937820,305.754770,-74.066556,4.600810,1102.195666,73.894602
07:28:00,22.418443,66.516534,1066.011113,308.561584,-74.066492,4.600835,1109.770221,73.856682
07:28:30,22.532701,66.506009,1073.016836,311.338886,-74.066429,4.600860,1117.272139,73.819763
07:29:00,22.646949,66.495359,1079.956019,314.087123,-74.066366,4.600885,1124.702504,73.783813
07:29:30,22.761188,66.484585,1086.829667,316.806732,-74.066304,4.600909,1132.062379,73.748796
07:30:00,22.875418,66.473684,1093.638768,319.498142,-74.066243,4.600933,1139.352807,73.714683
07:30:30,22.989638,66.462658,1100.384290,322.161774,-74.066182,4.600957,1146.574810,73.681444
07:31:00,23.103849,66.451505,1107.067181,324.798040,-74.066122,4.600981,1153.729392,73.649049
07:31:30,23.218050,66.440226,1113.688370,327.407343,-74.066062,4.601004,1160.817537,73.617471
07:32:00,23.332241,66.428819,1120.248770,329.990079,-74.066003,4.601028,1167.840211,73.586684
07:32:30,23.446422,66.417284,1126.749273,332.546637,-74.065944,4.601051,1174.798361,73.556662
07:33:00,23.560594,66.405622,1133.190756,335.077397,-74.065886,4.601073,1181.692917,73.527382
07:33:30,23.674754,66.393831,1139.574078,337.582732,-74.065828,4.601096,1188.524791,73.498821
07:34:00,23.788905,66.381911,1145.900082,340.063009,-74.065771,4.601118,1195.294879,73.470956
07:34:30,23.903045,66.369862,1152.169595,342.518586,-74.065715,4.601140,1202.004059,73.443766
07:35:00,24.017175,66.357684,1158.383428,344.949816,-74.065659,4.601162,1208.653193,73.417230
07:35:30,24.131294,66.345375,1164.542376,347.357044,-74.065603,4.601184,1215.243128,73.391330
07:36:00,24.245402,66.332935,1170.647219,349.740609,-74.065548,4.601205,1221.774695,73.366046
07:36:30,24.359499,66.320365,1176.698725,352.100844,-74.065494,4.601227,1228.248710,73.341361
07:37:00,24.473585,66.307663,1182.697643,354.438074,-74.065439,4.601248,1234.665973,73.317256
07:37:30,24.587660,66.294829,1188.644713,356.752621,-74.065386,4.601268,1241.027270,73.293715
07:38:00,24.701724,66.281863,1194.540657,359.044799,-74.065333,4.601289,1247.333375,73.270723
07:38:30,24.815777,66.268764,1200.386186,361.314916,-74.065280,4.601309,1253.585045,73.248263
07:39:00,24.929817,66.255532,1206.181999,363.563274,-74.065228,4.601330,1259.783024,73.226321
07:39:30,25.043847,66.242166,1211.928779,365.790172,-74.065176,4.601350,1265.928045,73.204883
07:40:00,25.157864,66.228666,1217.627199,367.995901,-74.065124,4.601369,1272.020825,73.183934
07:40:30,25.271870,66.215031,1223.277919,370.180747,-74.065073,4.601389,1278.062070,73.163462
07:41:00,25.385864,66.201262,1228.881588,372.344993,-74.065023,4.601409,1284.052472,73.143453
07:41:30,25.499845,66.187356,1234.438843,374.488913,-74.064973,4.601428,1289.992714,73.123896
07:42:00,25.613814,66.173315,1239.950308,376.612781,-74.064923,4.601447,1295.883464,73.104777
07:42:30,25.727771,66.159137,1245.416598,378.716862,-74.064874,4.601466,1301.725379,73.086087
07:43:00,25.841715,66.144821,1250.838316,380.801418,-74.064825,4.601485,1307.519106,73.067813
07:43:30,25.955647,66.130369,1256.216054,382.866706,-74.064776,4.601503,1313.265278,73.049945
07:44:00,26.069566,66.115778,1261.550396,384.912980,-74.064728,4.601522,1318.964520,73.032473
07:44:30,26.183472,66.101049,1266.841914,386.940487,-74.064680,4.601540,1324.617445,73.015386
07:45:00,26.297365,66.086180,1272.091169,388.949470,-74.064633,4.601558,1330.224655,72.998675
07:45:30,26.411245,66.071172,1277.298714,390.940171,-74.064586,4.601576,1335.786743,72.982331
07:46:00,26.525112,66.056024,1282.465092,392.912824,-74.064539,4.601594,1341.304290,72.966344
07:46:30,26.638965,66.040736,1287.590837,394.867661,-74.064493,4.601611,1346.777870,72.950706
07:47:00,26.752804,66.025306,1292.676473,396.804910,-74.064447,4.601629,1352.208046,72.935408
07:47:30,26.866630,66.009735,1297.722515,398.724793,-74.064402,4.601646,1357.595370,72.920443
07:48:00,26.980442,65.994021,1302.729472,400.627531,-74.064356,4.601663,1362.940386,72.905801
07:48:30,27.094240,65.978165,1307.697841,402.513341,-74.064312,4.601680,1368.243630,72.891477
07:49:00,27.208024,65.962165,1312.628111,404.382433,-74.064267,4.601697,1373.505628,72.877461
07:49:30,27.321794,65.946022,1317.520766,406.235018,-74.064223,4.601713,1378.726898,72.863747
07:50:00,27.435550,65.929734,1322.376278,408.071301,-74.064179,4.601730,1383.907947,72.850329
07:50:30,27.549291,65.913302,1327.195113,409.891484,-74.064136,4.601746,1389.049278,72.837198
07:51:00,27.663017,65.896724,1331.977730,411.695765,-74.064093,4.601762,1394.151382,72.824349
07:51:30,27.776728,65.879999,1336.724580,413.484339,-74.064050,4.601779,1399.214745,72.811776
07:52:00,27.890425,65.863129,1341.436105,415.257400,-74.064007,4.601794,1404.239841,72.799471
07:52:30,28.004107,65.846111,1346.112742,417.015136,-74.063965,4.601810,1409.227142,72.787430
07:53:00,28.117773,65.828945,1350.754920,418.757732,-74.063923,4.601826,1414.177107,72.775646
07:53:30,28.231424,65.811631,1355.363060,420.485372,-74.063882,4.601842,1419.090192,72.764114
07:54:00,28.345060,65.794168,1359.937579,422.198236,-74.063840,4.601857,1423.966842,72.752828
07:54:30,28.458680,65.776555,1364.478884,423.896500,-74.063799,4.601872,1428.807498,72.741784
07:55:00,28.572284,65.758792,1368.987377,425.580339,-74.063759,4.601887,1433.612592,72.730975
07:55:30,28.685872,65.740879,1373.463456,427.249925,-74.063718,4.601902,1438.382551,72.720396
07:56:00,28.799444,65.722814,1377.907508,428.905425,-74.063678,4.601917,1443.117793,72.710044
07:56:30,28.913000,65.704597,1382.319916,430.547007,-74.063638,4.601932,1447.818731,72.699913
07:57:00,29.026540,65.686228,1386.701060,432.174833,-74.063599,4.601947,1452.485771,72.689999
07:57:30,29.140063,65.667705,1391.051308,433.789064,-74.063560,4.601961,1457.119314,72.680297
07:58:00,29.253569,65.649028,1395.371028,435.389858,-74.063521,4.601976,1461.719752,72.670802
07:58:30,29.367059,65.630197,1399.660579,436.977372,-74.063482,4.601990,1466.287475,72.661512
07:59:00,29.480532,65.611211,1403.920315,438.551759,-74.063443,4.602004,1470.822863,72.652420
07:59:30,29.593987,65.592069,1408.150585,440.113169,-74.063405,4.602018,1475.326293,72.643525
08:00:00,29.707425,65.572771,1412.351732,441.661752,-74.063367,4.602032,1479.798134,72.634821
08:00:30,29.820846,65.553316,1416.524096,443.197653,-74.063330,4.602046,1484.238752,72.626304
08:01:00,29.934250,65.533702,1420.668008,444.721017,-74.063292,4.602059,1488.648505,72.617972
08:01:30,30.047635,65.513931,1424.783796,446.231986,-74.063255,4.602073,1493.027747,72.609821
08:02:00,30.161003,65.494000,1428.871785,447.730700,-74.063218,4.602087,1497.376826,72.601847
08:02:30,30.274353,65.473910,1432.932292,449.217296,-74.063182,4.602100,1501.696085,72.594046
08:03:00,30.387684,65.453659,1436.965630,450.691910,-74.063145,4.602113,1505.985863,72.586416
08:03:30,30.500997,65.433247,1440.972109,452.154675,-74.063109,4.602126,1510.246492,72.578953
08:04:00,30.614292,65.412673,1444.952031,453.605723,-74.063073,4.602139,1514.478301,72.571653
08:04:30,30.727568,65.391936,1448.905698,455.045184,-74.063038,4.602152,1518.681613,72.564515
08:05:00,30.840825,65.371037,1452.833404,456.473185,-74.063002,4.602165,1522.856746,72.557535
08:05:30,30.954063,65.349973,1456.735440,457.889853,-74.062967,4.602178,1527.004014,72.550710
08:06:00,31.067282,65.328745,1460.612092,459.295310,-74.062932,4.602191,1531.123727,72.544037
08:06:30,31.180482,65.307351,1464.463644,460.689679,-74.062897,4.602203,1535.216188,72.537513
08:07:00,31.293662,65.285791,1468.290373,462.073080,-74.062863,4.602216,1539.281699,72.531137
08:07:30,31.406822,65.264064,1472.092553,463.445632,-74.062828,4.602228,1543.320556,72.524904
08:08:00,31.519963,65.242170,1475.870455,464.807452,-74.062794,4.602240,1547.333050,72.518813
08:08:30,31.633083,65.220107,1479.624346,466.158655,-74.062760,4.602252,1551.319469,72.512861
08:09:00,31.746184,65.197875,1483.354487,467.499354,-74.062727,4.602264,1555.280097,72.507045
08:09:30,31.859264,65.175474,1487.061138,468.829661,-74.062693,4.602276,1559.215212,72.501364
08:10:00,31.972323,65.152901,1490.744554,470.149686,-74.062660,4.602288,1563.125091,72.495814
08:10:30,32.085362,65.130157,1494.404986,471.459538,-74.062627,4.602300,1567.010006,72.490394
08:11:00,32.198380,65.107241,1498.042682,472.759324,-74.062594,4.602312,1570.870223,72.485102
08:11:30,32.311377,65.084152,1501.657888,474.049149,-74.062562,4.602323,1574.706006,72.479935
08:12:00,32.424353,65.060889,1505.250843,475.329118,-74.062529,4.602335,1578.517618,72.474890
08:12:30,32.537307,65.037452,1508.821785,476.599333,-74.062497,4.602346,1582.305313,72.469967
08:13:00,32.650240,65.013839,1512.370950,477.859895,-74.062465,4.602357,1586.069346,72.465163
08:13:30,32.763151,64.990050,1515.898567,479.110905,-74.062433,4.602369,1589.809965,72.460476
08:14:00,32.876040,64.966083,1519.404866,480.352460,-74.062402,4.602380,1593.527418,72.455903
08:14:30,32.988907,64.941939,1522.890070,481.584657,-74.062370,4.602391,1597.221947,72.451444
08:15:00,33.101752,64.917616,1526.354402,482.807593,-74.062339,4.602402,1600.893792,72.447097
08:15:30,33.214574,64.893114,1529.798080,484.021361,-74.062308,4.602413,1604.543188,72.442859
08:16:00,33.327373,64.868431,1533.221319,485.226054,-74.062277,4.602424,1608.170369,72.438728
08:16:30,33.440150,64.843567,1536.624333,486.421764,-74.062246,4.602434,1611.775566,72.434704
08:17:00,33.552903,64.818521,1540.007332,487.608582,-74.062216,4.602445,1615.359004,72.430784
08:17:30,33.665634,64.793292,1543.370521,488.786597,-74.062185,4.602456,1618.920907,72.426967
08:18:00,33.778340,64.767879,1546.714107,489.955896,-74.062155,4.602466,1622.461497,72.423250
08:18:30,33.891024,64.742281,1550.038290,491.116567,-74.062125,4.602477,1625.980991,72.419634
08:19:00,34.003683,64.716498,1553.343268,492.268696,-74.062095,4.602487,1629.479603,72.416115
08:19:30,34.116318,64.690528,1556.629239,493.412366,-74.062066,4.602497,1632.957547,72.412693
08:20:00,34.228929,64.664371,1559.896396,494.547662,-74.062036,4.602508,1636.415032,72.409366
08:20:30,34.341516,64.638025,1563.144929,495.674665,-74.062007,4.602518,1639.852263,72.406132
08:21:00,34.454078,64.611490,1566.375028,496.793457,-74.061978,4.602528,1643.269444,72.402990
08:21:30,34.566615,64.584765,1569.586878,497.904117,-74.061949,4.602538,1646.666778,72.399939
08:22:00,34.679128,64.557849,1572.780663,499.006726,-74.061920,4.602548,1650.044462,72.396978
08:22:30,34.791615,64.530740,1575.956564,500.101360,-74.061891,4.602558,1653.402692,72.394104
08:23:00,34.904076,64.503439,1579.114760,501.188096,-74.061863,4.602567,1656.741661,72.391318
08:23:30,35.016512,64.475943,1582.255427,502.267012,-74.061834,4.602577,1660.061562,72.388616
08:24:00,35.128922,64.448253,1585.378740,503.338181,-74.061806,4.602587,1663.362581,72.385999
08:24:30,35.241307,64.420366,1588.484871,504.401678,-74.061778,4.602596,1666.644905,72.383465
08:25:00,35.353664,64.392283,1591.573990,505.457575,-74.061750,4.602606,1669.908717,72.381013
08:25:30,35.465996,64.364002,1594.646263,506.505945,-74.061723,4.602615,1673.154200,72.378641
08:26:00,35.578300,64.335521,1597.701857,507.546858,-74.061695,4.602624,1676.381531,72.376349
08:26:30,35.690578,64.306841,1600.740936,508.580386,-74.061668,4.602634,1679.590888,72.374135
08:27:00,35.802829,64.277960,1603.763659,509.606597,-74.061640,4.602643,1682.782446,72.371998
08:27:30,35.915052,64.248877,1606.770188,510.625560,-74.061613,4.602652,1685.956375,72.369938
08:28:00,36.027248,64.219591,1609.760678,511.637342,-74.061586,4.602661,1689.112847,72.367952
08:28:30,36.139416,64.190101,1612.735286,512.642010,-74.061559,4.602670,1692.252030,72.366041
08:29:00,36.251556,64.160406,1615.694165,513.639630,-74.061533,4.602679,1695.374090,72.364203
08:29:30,36.363667,64.130505,1618.637465,514.630267,-74.061506,4.602688,1698.479189,72.362436
08:30:00,36.475750,64.100396,1621.565338,515.613985,-74.061480,4.602697,1701.567491,72.360741
08:30:30,36.587805,64.070079,1624.477930,516.590847,-74.061454,4.602706,1704.639155,72.359116
08:31:00,36.699831,64.039553,1627.375388,517.560917,-74.061427,4.602715,1707.694339,72.357560
08:31:30,36.811827,64.008816,1630.257855,518.524255,-74.061401,4.602723,1710.733199,72.356072
08:32:00,36.923794,63.977868,1633.125474,519.480924,-74.061376,4.602732,1713.755888,72.354652
08:32:30,37.035732,63.946707,1635.978386,520.430982,-74.061350,4.602740,1716.762560,72.353298
08:33:00,37.147639,63.915332,1638.816729,521.374490,-74.061324,4.602749,1719.753364,72.352009
08:33:30,37.259517,63.883742,1641.640642,522.311507,-74.061299,4.602757,1722.728448,72.350785
08:34:00,37.371364,63.851936,1644.450258,523.242090,-74.061273,4.602766,1725.687960,72.349625
08:34:30,37.483181,63.819913,1647.245713,524.166298,-74.061248,4.602774,1728.632045,72.348528
08:35:00,37.594967,63.787671,1650.027139,525.084186,-74.061223,4.602782,1731.560845,72.347494
08:35:30,37.706721,63.755210,1652.794666,525.995810,-74.061198,4.602790,1734.474502,72.346520
08:36:00,37.818445,63.722528,1655.548423,526.901227,-74.061173,4.602799,1737.373157,72.345608
08:36:30,37.930137,63.689624,1658.288539,527.800490,-74.061149,4.602807,1740.256946,72.344755
08:37:00,38.041797,63.656497,1661.015140,528.693654,-74.061124,4.602815,1743.126006,72.343961
08:37:30,38.153425,63.623146,1663.728349,529.580771,-74.061099,4.602823,1745.980473,72.343226
08:38:00,38.265020,63.589569,1666.428291,530.461895,-74.061075,4.602831,1748.820480,72.342548
08:38:30,38.376584,63.555765,1669.115087,531.337077,-74.061051,4.602838,1751.646158,72.341927
08:39:00,38.488114,63.521733,1671.788857,532.206369,-74.061027,4.602846,1754.457637,72.341363
08:39:30,38.599611,63.487472,1674.449720,533.069822,-74.061003,4.602854,1757.255047,72.340854
08:40:00,38.711075,63.452981,1677.097794,533.927486,-74.060979,4.602862,1760.038514,72.340400
08:40:30,38.822505,63.418257,1679.733195,534.779410,-74.060955,4.602869,1762.808165,72.340000
08:41:00,38.933901,63.383301,1682.356038,535.625644,-74.060931,4.602877,1765.564122,72.339654
08:41:30,39.045264,63.348110,1684.966436,536.466236,-74.060908,4.602885,1768.306510,72.339361
08:42:00,39.156591,63.312683,1687.564502,537.301233,-74.060884,4.602892,1771.035449,72.339120
08:42:30,39.267884,63.277019,1690.150346,538.130684,-74.060861,4.602900,1773.751060,72.338931
08:43:00,39.379142,63.241117,1692.724078,538.954634,-74.060838,4.602907,1776.453461,72.338793
08:43:30,39.490365,63.204976,1695.285806,539.773131,-74.060815,4.602914,1779.142770,72.338705
08:44:00,39.601552,63.168593,1697.835637,540.586219,-74.060792,4.602922,1781.819102,72.338667
08:44:30,39.712704,63.131968,1700.373679,541.393944,-74.060769,4.602929,1784.482572,72.338679
08:45:00,39.823819,63.095099,1702.900034,542.196350,-74.060746,4.602936,1787.133293,72.338739
08:45:30,39.934898,63.057985,1705.414808,542.993482,-74.060723,4.602943,1789.771378,72.338848
08:46:00,40.045940,63.020624,1707.918101,543.785383,-74.060701,4.602950,1792.396938,72.339004
08:46:30,40.156946,62.983016,1710.410016,544.572096,-74.060678,4.602957,1795.010081,72.339208
08:47:00,40.267914,62.945158,1712.890653,545.353664,-74.060656,4.602964,1797.610917,72.339458
08:47:30,40.378844,62.907049,1715.360110,546.130129,-74.060634,4.602971,1800.199551,72.339754
08:48:00,40.489737,62.868689,1717.818486,546.901532,-74.060611,4.602978,1802.776092,72.340096
08:48:30,40.600591,62.830074,1720.265877,547.667915,-74.060589,4.602985,1805.340642,72.340483
08:49:00,40.711407,62.791205,1722.702380,548.429318,-74.060567,4.602992,1807.893306,72.340914
08:49:30,40.822185,62.752078,1725.128089,549.185782,-74.060545,4.602999,1810.434187,72.341390
08:50:00,40.932923,62.712694,1727.543097,549.937346,-74.060524,4.603006,1812.963385,72.341909
08:50:30,41.043621,62.673050,1729.947498,550.684050,-74.060502,4.603012,1815.481002,72.342471
08:51:00,41.154281,62.633145,1732.341382,551.425932,-74.060480,4.603019,1817.987135,72.343076
08:51:30,41.264900,62.592978,1734.724841,552.163032,-74.060459,4.603026,1820.481884,72.343724
08:52:00,41.375478,62.552546,1737.097965,552.895386,-74.060437,4.603032,1822.965345,72.344413
08:52:30,41.486017,62.511848,1739.460842,553.623033,-74.060416,4.603039,1825.437614,72.345143
08:53:00,41.596514,62.470883,1741.813559,554.346009,-74.060395,4.603045,1827.898787,72.345915
08:53:30,41.706970,62.429650,1744.156205,555.064352,-74.060374,4.603052,1830.348956,72.346727
08:54:00,41.817384,62.388146,1746.488864,555.778098,-74.060353,4.603058,1832.788216,72.347579
08:54:30,41.927756,62.346369,1748.811621,556.487283,-74.060332,4.603065,1835.216658,72.348471
08:55:00,42.038086,62.304319,1751.124561,557.191942,-74.060311,4.603071,1837.634373,72.349402
08:55:30,42.148373,62.261994,1753.427767,557.892110,-74.060290,4.603077,1840.041451,72.350372
08:56:00,42.258618,62.219392,1755.721322,558.587823,-74.060269,4.603084,1842.437981,72.351381
08:56:30,42.368819,62.176511,1758.005305,559.279115,-74.060249,4.603090,1844.824052,72.352427
08:57:00,42.478976,62.133350,1760.279799,559.966019,-74.060228,4.603096,1847.199750,72.353512
08:57:30,42.589090,62.089906,1762.544883,560.648570,-74.060208,4.603102,1849.565161,72.354633
08:58:00,42.699159,62.046179,1764.800636,561.326800,-74.060188,4.603108,1851.920372,72.355792
08:58:30,42.809183,62.002167,1767.047136,562.000743,-74.060167,4.603114,1854.265466,72.356988
08:59:00,42.919162,61.957868,1769.284460,562.670432,-74.060147,4.603120,1856.600527,72.358219
08:59:30,43.029096,61.913279,1771.512685,563.335897,-74.060127,4.603126,1858.925638,72.359487
09:00:00,43.138984,61.868400,1773.731887,563.997172,-74.060107,4.603132,1861.240881,72.360790
09:00:30,43.248826,61.823229,1775.942140,564.654288,-74.060087,4.603138,1863.546337,72.362129
09:01:00,43.358622,61.777763,1778.143518,565.307276,-74.060067,4.603144,1865.842085,72.363502
09:01:30,43.468370,61.732001,1780.336095,565.956166,-74.060047,4.603150,1868.128206,72.364910
09:02:00,43.578071,61.685941,1782.519944,566.600991,-74.060028,4.603156,1870.404778,72.366352
09:02:30,43.687725,61.639582,1784.695137,567.241778,-74.060008,4.603161,1872.671879,72.367829
09:03:00,43.797331,61.592921,1786.861744,567.878560,-74.059988,4.603167,1874.929585,72.369339
09:03:30,43.906888,61.545957,1789.019836,568.511364,-74.059969,4.603173,1877.177974,72.370882
09:04:00,44.016396,61.498687,1791.169483,569.140221,-74.059950,4.603178,1879.417120,72.372458
09:04:30,44.125855,61.451110,1793.310755,569.765159,-74.059930,4.603184,1881.647097,72.374067
09:05:00,44.235265,61.403224,1795.443718,570.386207,-74.059911,4.603190,1883.867981,72.375709
09:05:30,44.344624,61.355027,1797.568441,571.003394,-74.059892,4.603195,1886.079844,72.377382
09:06:00,44.453934,61.306517,1799.684992,571.616747,-74.059873,4.603201,1888.282758,72.379088
09:06:30,44.563192,61.257692,1801.793436,572.226294,-74.059854,4.603206,1890.476796,72.380825
09:07:00,44.672399,61.208550,1803.893839,572.832062,-74.059835,4.603212,1892.662028,72.382593
09:07:30,44.781555,61.159089,1805.986266,573.434080,-74.059816,4.603217,1894.838525,72.384393
09:08:00,44.890658,61.109307,1808.070781,574.032373,-74.059797,4.603222,1897.006356,72.386223
09:08:30,44.999709,61.059202,1810.147449,574.626969,-74.059778,4.603228,1899.165590,72.388084
09:09:00,45.108707,61.008772,1812.216332,575.217893,-74.059760,4.603233,1901.316296,72.389975
09:09:30,45.217652,60.958015,1814.277492,575.805172,-74.059741,4.603238,1903.458541,72.391896
09:10:00,45.326543,60.906928,1816.330993,576.388832,-74.059723,4.603244,1905.592391,72.393847
09:10:30,45.435380,60.855510,1818.376895,576.968898,-74.059704,4.603249,1907.717914,72.395827
09:11:00,45.544163,60.803759,1820.415259,577.545395,-74.059686,4.603254,1909.835175,72.397836
09:11:30,45.652890,60.751672,1822.446144,578.118349,-74.059667,4.603259,1911.944239,72.399875
09:12:00,45.761561,60.699247,1824.469611,578.687784,-74.059649,4.603264,1914.045170,72.401942
09:12:30,45.870177,60.646483,1826.485719,579.253724,-74.059631,4.603269,1916.138032,72.404038
09:13:00,45.978737,60.593376,1828.494526,579.816195,-74.059613,4.603274,1918.222889,72.406162
09:13:30,46.087239,60.539925,1830.496089,580.375220,-74.059595,4.603279,1920.299802,72.408314
09:14:00,46.195684,60.486127,1832.490467,580.930823,-74.059577,4.603284,1922.368834,72.410494
09:14:30,46.304072,60.431980,1834.477715,581.483027,-74.059559,4.603289,1924.430045,72.412702
09:15:00,46.412401,60.377483,1836.457891,582.031856,-74.059541,4.603294,1926.483498,72.414937
09:15:30,46.520671,60.322631,1838.431050,582.577333,-74.059523,4.603299,1928.529251,72.417199
09:16:00,46.628882,60.267425,1840.397246,583.119480,-74.059505,4.603304,1930.567365,72.419489
09:16:30,46.737033,60.211860,1842.356535,583.658320,-74.059488,4.603309,1932.597899,72.421805
09:17:00,46.845125,60.155934,1844.308972,584.193877,-74.059470,4.603314,1934.620911,72.424147
09:17:30,46.953155,60.099646,1846.254608,584.726171,-74.059453,4.603319,1936.636459,72.426516
09:18:00,47.061124,60.042992,1848.193499,585.255224,-74.059435,4.603323,1938.644600,72.428912
09:18:30,47.169032,59.985971,1850.125695,585.781059,-74.059418,4.603328,1940.645392,72.431333
09:19:00,47.276877,59.928580,1852.051250,586.303697,-74.059400,4.603333,1942.638891,72.433780
09:19:30,47.384660,59.870816,1853.970216,586.823160,-74.059383,4.603337,1944.625152,72.436252
09:20:00,47.492379,59.812678,1855.882643,587.339467,-74.059366,4.603342,1946.604231,72.438750
09:20:30,47.600035,59.754162,1857.788582,587.852641,-74.059349,4.603347,1948.576183,72.441274
09:21:00,47.707626,59.695265,1859.688083,588.362702,-74.059331,4.603351,1950.541062,72.443822
09:21:30,47.815152,59.635987,1861.581197,588.869671,-74.059314,4.603356,1952.498922,72.446395
09:22:00,47.922614,59.576323,1863.467972,589.373566,-74.059297,4.603360,1954.449816,72.448993
09:22:30,48.030009,59.516271,1865.348459,589.874410,-74.059280,4.603365,1956.393798,72.451615
09:23:00,48.137337,59.455829,1867.222704,590.372221,-74.059263,4.603369,1958.330918,72.454262
09:23:30,48.244599,59.394995,1869.090756,590.867020,-74.059247,4.603374,1960.261230,72.456933
09:24:00,48.351793,59.333764,1870.952663,591.358825,-74.059230,4.603378,1962.184784,72.459628
09:24:30,48.458920,59.272136,1872.808472,591.847656,-74.059213,4.603383,1964.101633,72.462346
09:25:00,48.565977,59.210106,1874.658230,592.333533,-74.059196,4.603387,1966.011825,72.465089
09:25:30,48.672965,59.147672,1876.501983,592.816473,-74.059180,4.603391,1967.915411,72.467854
09:26:00,48.779883,59.084833,1878.339778,593.296497,-74.059163,4.603396,1969.812441,72.470644
09:26:30,48.886731,59.021583,1880.171658,593.773622,-74.059147,4.603400,1971.702964,72.473456
09:27:00,48.993508,58.957922,1881.997671,594.247866,-74.059130,4.603404,1973.587029,72.476292
09:27:30,49.100213,58.893846,1883.817860,594.719249,-74.059114,4.603408,1975.464683,72.479150
09:28:00,49.206846,58.829353,1885.632270,595.187788,-74.059097,4.603413,1977.335975,72.482031
09:28:30,49.313407,58.764439,1887.440944,595.653501,-74.059081,4.603417,1979.200953,72.484935
09:29:00,49.419894,58.699101,1889.243928,596.116405,-74.059065,4.603421,1981.059662,72.487861
09:29:30,49.526306,58.633337,1891.041262,596.576518,-74.059049,4.603425,1982.912151,72.490810
09:30:00,49.632644,58.567144,1892.832992,597.033858,-74.059032,4.603429,1984.758464,72.493780
09:30:30,49.738907,58.500518,1894.619158,597.488442,-74.059016,4.603433,1986.598649,72.496773
09:31:00,49.845094,58.433457,1896.399803,597.940286,-74.059000,4.603437,1988.432749,72.499788
09:31:30,49.951204,58.365958,1898.174969,598.389408,-74.058984,4.603441,1990.260811,72.502824
09:32:00,50.057238,58.298017,1899.944697,598.835824,-74.058968,4.603445,1992.082879,72.505882
09:32:30,50.163193,58.229632,1901.709028,599.279551,-74.058952,4.603449,1993.898996,72.508962
09:33:00,50.269069,58.160800,1903.468003,599.720605,-74.058936,4.603453,1995.709208,72.512063
09:33:30,50.374867,58.091517,1905.221662,600.159003,-74.058921,4.603457,1997.513557,72.515185
09:34:00,50.480584,58.021780,1906.970045,600.594760,-74.058905,4.603461,1999.312087,72.518328
09:34:30,50.586221,57.951586,1908.713192,601.027893,-74.058889,4.603465,2001.104840,72.521492
09:35:00,50.691777,57.880932,1910.451143,601.458417,-74.058873,4.603469,2002.891858,72.524677
09:35:30,50.797251,57.809815,1912.183935,601.886348,-74.058858,4.603473,2004.673184,72.527883
09:36:00,50.902642,57.738231,1913.911608,602.311701,-74.058842,4.603477,2006.448860,72.531110
09:36:30,51.007950,57.666177,1915.634200,602.734492,-74.058827,4.603481,2008.218926,72.534357
09:37:00,51.113174,57.593649,1917.351749,603.154735,-74.058811,4.603484,2009.983424,72.537624
09:37:30,51.218313,57.520645,1919.064293,603.572447,-74.058796,4.603488,2011.742394,72.540912
09:38:00,51.323366,57.447161,1920.771870,603.987642,-74.058780,4.603492,2013.495877,72.544220
09:38:30,51.428333,57.373194,1922.474515,604.400334,-74.058765,4.603496,2015.243912,72.547548
09:39:00,51.533214,57.298740,1924.172267,604.810539,-74.058750,4.603499,2016.986540,72.550896
09:39:30,51.638006,57.223795,1925.865161,605.218270,-74.058734,4.603503,2018.723798,72.554264
09:40:00,51.742710,57.148357,1927.553234,605.623543,-74.058719,4.603507,2020.455727,72.557651
09:40:30,51.847325,57.072422,1929.236522,606.026371,-74.058704,4.603510,2022.182366,72.561059
09:41:00,51.951850,56.995985,1930.915060,606.426769,-74.058689,4.603514,2023.903751,72.564485
09:41:30,52.056283,56.919044,1932.588883,606.824750,-74.058674,4.603517,2025.619922,72.567932
09:42:00,52.160626,56.841595,1934.258027,607.220329,-74.058659,4.603521,2027.330916,72.571397
09:42:30,52.264875,56.763635,1935.922527,607.613518,-74.058644,4.603524,2029.036771,72.574882
09:43:00,52.369032,56.685159,1937.582416,608.004333,-74.058629,4.603528,2030.737523,72.578386
09:43:30,52.473095,56.606163,1939.237729,608.392785,-74.058614,4.603531,2032.433210,72.581909
09:44:00,52.577062,56.526645,1940.888500,608.778889,-74.058599,4.603535,2034.123867,72.585451
09:44:30,52.680934,56.446601,1942.534763,609.162658,-74.058584,4.603538,2035.809532,72.589011
09:45:00,52.784710,56.366026,1944.176550,609.544105,-74.058569,4.603542,2037.490239,72.592591
09:45:30,52.888388,56.284917,1945.813896,609.923242,-74.058554,4.603545,2039.166026,72.596189
09:46:00,52.991968,56.203270,1947.446833,610.300084,-74.058540,4.603549,2040.836926,72.599806
09:46:30,53.095449,56.121080,1949.075393,610.674641,-74.058525,4.603552,2042.502975,72.603441
09:47:00,53.198830,56.038345,1950.699609,611.046928,-74.058510,4.603555,2044.164208,72.607095
09:47:30,53.302110,55.955060,1952.319512,611.416956,-74.058496,4.603559,2045.820660,72.610767
09:48:00,53.405289,55.871221,1953.935136,611.784739,-74.058481,4.603562,2047.472364,72.614458
09:48:30,53.508364,55.786825,1955.546511,612.150287,-74.058467,4.603565,2049.119355,72.618166
09:49:00,53.611337,55.701866,1957.153669,612.513615,-74.058452,4.603568,2050.761666,72.621893
09:49:30,53.714205,55.616341,1958.756640,612.874732,-74.058438,4.603572,2052.399331,72.625637
09:50:00,53.816967,55.530246,1960.355457,613.233652,-74.058423,4.603575,2054.032383,72.629400
09:50:30,53.919623,55.443576,1961.950149,613.590387,-74.058409,4.603578,2055.660854,72.633180
09:51:00,54.022172,55.356328,1963.540746,613.944948,-74.058394,4.603581,2057.284779,72.636978
09:51:30,54.124613,55.268498,1965.127280,614.297346,-74.058380,4.603585,2058.904188,72.640794
09:52:00,54.226945,55.180080,1966.709779,614.647594,-74.058366,4.603588,2060.519114,72.644627
09:52:30,54.329166,55.091070,1968.288274,614.995703,-74.058352,4.603591,2062.129589,72.648478
09:53:00,54.431276,55.001466,1969.862794,615.341683,-74.058337,4.603594,2063.735645,72.652347
09:53:30,54.533275,54.911260,1971.433368,615.685547,-74.058323,4.603597,2065.337314,72.656233
09:54:00,54.635160,54.820451,1973.000026,616.027305,-74.058309,4.603600,2066.934625,72.660136
09:54:30,54.736931,54.729032,1974.562796,616.366969,-74.058295,4.603603,2068.527611,72.664056
09:55:00,54.838587,54.637000,1976.121707,616.704549,-74.058281,4.603606,2070.116302,72.667994
09:55:30,54.940126,54.544350,1977.676788,617.040056,-74.058267,4.603609,2071.700728,72.671949
09:56:00,55.041548,54.451078,1979.228065,617.373502,-74.058253,4.603612,2073.280921,72.675921
09:56:30,55.142853,54.357178,1980.775569,617.704896,-74.058239,4.603615,2074.856909,72.679910
09:57:00,55.244037,54.262647,1982.319325,618.034249,-74.058225,4.603618,2076.428723,72.683915
09:57:30,55.345101,54.167479,1983.859363,618.361571,-74.058211,4.603621,2077.996392,72.687938
09:58:00,55.446044,54.071670,1985.395708,618.686874,-74.058197,4.603624,2079.559945,72.691978
09:58:30,55.546864,53.975215,1986.928390,619.010166,-74.058183,4.603627,2081.119413,72.696034
09:59:00,55.647560,53.878109,1988.457433,619.331459,-74.058170,4.603630,2082.674823,72.700107
09:59:30,55.748132,53.780348,1989.982866,619.650763,-74.058156,4.603633,2084.226205,72.704196
10:00:00,55.848577,53.681927,1991.504714,619.968087,-74.058142,4.603636,2085.773587,72.708302
10:00:30,55.948895,53.582840,1993.023005,620.283441,-74.058128,4.603638,2087.316997,72.712425
10:01:00,56.049085,53.483084,1994.537764,620.596835,-74.058115,4.603641,2088.856464,72.716564
10:01:30,56.149146,53.382652,1996.049018,620.908280,-74.058101,4.603644,2090.392014,72.720720
10:02:00,56.249075,53.281539,1997.556792,621.217783,-74.058088,4.603647,2091.923677,72.724891
10:02:30,56.348873,53.179742,1999.061112,621.525356,-74.058074,4.603650,2093.451480,72.729080
10:03:00,56.448538,53.077254,2000.562004,621.831008,-74.058060,4.603652,2094.975449,72.733284
10:03:30,56.548068,52.974071,2002.059492,622.134747,-74.058047,4.603655,2096.495612,72.737505
10:04:00,56.647463,52.870187,2003.553602,622.436584,-74.058033,4.603658,2098.011996,72.741741
10:04:30,56.746721,52.765598,2005.044359,622.736527,-74.058020,4.603660,2099.524628,72.745994
10:05:00,56.845841,52.660297,2006.531788,623.034586,-74.058007,4.603663,2101.033534,72.750263
10:05:30,56.944821,52.554280,2008.015913,623.330769,-74.057993,4.603666,2102.538740,72.754548
10:06:00,57.043661,52.447541,2009.496759,623.625086,-74.057980,4.603668,2104.040273,72.758849
10:06:30,57.142359,52.340075,2010.974349,623.917546,-74.057966,4.603671,2105.538159,72.763165
10:07:00,57.240914,52.231877,2012.448709,624.208156,-74.057953,4.603674,2107.032423,72.767498
10:07:30,57.339324,52.122940,2013.919862,624.496928,-74.057940,4.603676,2108.523090,72.771846
10:08:00,57.437589,52.013260,2015.387832,624.783867,-74.057927,4.603679,2110.010188,72.776210
10:08:30,57.535706,51.902831,2016.852642,625.068985,-74.057913,4.603681,2111.493740,72.780590
10:09:00,57.633674,51.791648,2018.314316,625.352288,-74.057900,4.603684,2112.973772,72.784985
10:09:30,57.731492,51.679705,2019.772877,625.633785,-74.057887,4.603686,2114.450308,72.789396
10:10:00,57.829159,51.566995,2021.228348,625.913485,-74.057874,4.603689,2115.923374,72.793823
10:10:30,57.926673,51.453514,2022.680753,626.191396,-74.057861,4.603691,2117.392994,72.798265
10:11:00,58.024033,51.339256,2024.130114,626.467527,-74.057848,4.603694,2118.859193,72.802723
10:11:30,58.121237,51.224215,2025.576453,626.741884,-74.057835,4.603696,2120.321994,72.807196
10:12:00,58.218284,51.108385,2027.019794,627.014477,-74.057822,4.603699,2121.781422,72.811685
10:12:30,58.315172,50.991760,2028.460159,627.285314,-74.057809,4.603701,2123.237500,72.816189
10:13:00,58.411900,50.874335,2029.897570,627.554401,-74.057796,4.603704,2124.690253,72.820708
10:13:30,58.508466,50.756103,2031.332049,627.821748,-74.057783,4.603706,2126.139704,72.825243
10:14:00,58.604869,50.637059,2032.763618,628.087362,-74.057770,4.603709,2127.585876,72.829793
10:14:30,58.701108,50.517196,2034.192299,628.351251,-74.057757,4.603711,2129.028793,72.834358
10:15:00,58.797180,50.396509,2035.618113,628.613422,-74.057744,4.603713,2130.468478,72.838938
10:15:30,58.893084,50.274991,2037.041082,628.873883,-74.057731,4.603716,2131.904954,72.843534
10:16:00,58.988819,50.152636,2038.461228,629.132642,-74.057718,4.603718,2133.338243,72.848144
10:16:30,59.084383,50.029438,2039.878571,629.389705,-74.057706,4.603720,2134.768368,72.852770
10:17:00,59.179774,49.905390,2041.293134,629.645081,-74.057693,4.603723,2136.195353,72.857411
10:17:30,59.274991,49.780488,2042.704936,629.898776,-74.057680,4.603725,2137.619218,72.862067
10:18:00,59.370032,49.654723,2044.113998,630.150798,-74.057667,4.603727,2139.039987,72.866738
10:18:30,59.464895,49.528091,2045.520342,630.401155,-74.057655,4.603729,2140.457682,72.871424
10:19:00,59.559579,49.400583,2046.923988,630.649852,-74.057642,4.603732,2141.872323,72.876125
10:19:30,59.654081,49.272195,2048.324956,630.896898,-74.057629,4.603734,2143.283934,72.880840
10:20:00,59.748401,49.142920,2049.723268,631.142299,-74.057617,4.603736,2144.692536,72.885571
10:20:30,59.842537,49.012750,2051.118942,631.386063,-74.057604,4.603738,2146.098151,72.890317
10:21:00,59.936486,48.881681,2052.511999,631.628195,-74.057592,4.603740,2147.500799,72.895077
